STATION,NAME,DATE,PRCP,TMAX,TMIN,TOBS
USC00449151,"WILLIAMSBURG 2 N, VA US",1/1/2022,0.03,73,57,69
USC00449151,"WILLIAMSBURG 2 N, VA US",1/2/2022,0.74,70,52,52
USC00449151,"WILLIAMSBURG 2 N, VA US",1/3/2022,1.86,52,27,27
USC00449151,"WILLIAMSBURG 2 N, VA US",1/4/2022,0,38,24,30
USC00449151,"WILLIAMSBURG 2 N, VA US",1/5/2022,0.01,49,30,47
USC00449151,"WILLIAMSBURG 2 N, VA US",1/6/2022,0.05,54,37,45
USC00449151,"WILLIAMSBURG 2 N, VA US",1/7/2022,0,46,27,27
USC00449151,"WILLIAMSBURG 2 N, VA US",1/8/2022,0,38,23,30
USC00449151,"WILLIAMSBURG 2 N, VA US",1/9/2022,0.5,62,29,53
USC00449151,"WILLIAMSBURG 2 N, VA US",1/10/2022,0.03,53,33,33
USC00449151,"WILLIAMSBURG 2 N, VA US",1/11/2022,0,34,22,22
USC00449151,"WILLIAMSBURG 2 N, VA US",1/12/2022,0,51,22,37
USC00449151,"WILLIAMSBURG 2 N, VA US",1/13/2022,0,51,28,37
USC00449151,"WILLIAMSBURG 2 N, VA US",1/14/2022,0,52,36,37
USC00449151,"WILLIAMSBURG 2 N, VA US",1/15/2022,0,38,25,25
USC00449151,"WILLIAMSBURG 2 N, VA US",1/16/2022,1.86,54,24,42
USC00449151,"WILLIAMSBURG 2 N, VA US",1/17/2022,0.01,44,34,34
USC00449151,"WILLIAMSBURG 2 N, VA US",1/18/2022,0,46,26,26
USC00449151,"WILLIAMSBURG 2 N, VA US",1/19/2022,0,58,25,48
USC00449151,"WILLIAMSBURG 2 N, VA US",1/20/2022,0.42,49,32,32
USC00449151,"WILLIAMSBURG 2 N, VA US",1/21/2022,0.03,32,22,22
USC00449151,"WILLIAMSBURG 2 N, VA US",1/22/2022,0.05,35,20,20
USC00449151,"WILLIAMSBURG 2 N, VA US",1/23/2022,0,41,19,32
USC00449151,"WILLIAMSBURG 2 N, VA US",1/24/2022,0,46,25,37
USC00449151,"WILLIAMSBURG 2 N, VA US",1/25/2022,0,57,34,34
USC00449151,"WILLIAMSBURG 2 N, VA US",1/26/2022,0,37,24,25
USC00449151,"WILLIAMSBURG 2 N, VA US",1/27/2022,0,41,19,26
USC00449151,"WILLIAMSBURG 2 N, VA US",1/28/2022,0.25,45,26,32
USC00449151,"WILLIAMSBURG 2 N, VA US",1/29/2022,0.14,32,20,21
USC00449151,"WILLIAMSBURG 2 N, VA US",1/30/2022,0,36,12,26
USC00449151,"WILLIAMSBURG 2 N, VA US",1/31/2022,0,46,21,30
USC00449151,"WILLIAMSBURG 2 N, VA US",2/1/2022,0,47,28,28
USC00449151,"WILLIAMSBURG 2 N, VA US",2/2/2022,0,53,26,41
USC00449151,"WILLIAMSBURG 2 N, VA US",2/3/2022,0.01,63,40,61
USC00449151,"WILLIAMSBURG 2 N, VA US",2/4/2022,0.3,70,37,37
USC00449151,"WILLIAMSBURG 2 N, VA US",2/5/2022,0,40,27,28
USC00449151,"WILLIAMSBURG 2 N, VA US",2/6/2022,0,37,25,34
USC00449151,"WILLIAMSBURG 2 N, VA US",2/7/2022,0.57,42,34,39
USC00449151,"WILLIAMSBURG 2 N, VA US",2/8/2022,0.01,46,30,30
USC00449151,"WILLIAMSBURG 2 N, VA US",2/9/2022,0,59,26,33
USC00449151,"WILLIAMSBURG 2 N, VA US",2/10/2022,0,65,33,48
USC00449151,"WILLIAMSBURG 2 N, VA US",2/11/2022,0,68,34,51
USC00449151,"WILLIAMSBURG 2 N, VA US",2/12/2022,0,72,47,48
USC00449151,"WILLIAMSBURG 2 N, VA US",2/13/2022,0,48,30,31
USC00449151,"WILLIAMSBURG 2 N, VA US",2/14/2022,0,37,24,24
USC00449151,"WILLIAMSBURG 2 N, VA US",2/15/2022,0,42,19,27
USC00449151,"WILLIAMSBURG 2 N, VA US",2/16/2022,0,61,25,51
USC00449151,"WILLIAMSBURG 2 N, VA US",2/17/2022,0,75,51,66
USC00449151,"WILLIAMSBURG 2 N, VA US",2/18/2022,0.13,69,33,33
USC00449151,"WILLIAMSBURG 2 N, VA US",2/19/2022,0,56,26,32
USC00449151,"WILLIAMSBURG 2 N, VA US",2/20/2022,0,47,24,34
USC00449151,"WILLIAMSBURG 2 N, VA US",2/21/2022,0,68,31,54
USC00449151,"WILLIAMSBURG 2 N, VA US",2/22/2022,0,71,54,65
USC00449151,"WILLIAMSBURG 2 N, VA US",2/23/2022,0.11,70,52,56
USC00449151,"WILLIAMSBURG 2 N, VA US",2/24/2022,0.22,56,36,36
USC00449151,"WILLIAMSBURG 2 N, VA US",2/25/2022,0.02,62,36,43
USC00449151,"WILLIAMSBURG 2 N, VA US",2/26/2022,0,44,35,38
USC00449151,"WILLIAMSBURG 2 N, VA US",2/27/2022,0,49,35,36
USC00449151,"WILLIAMSBURG 2 N, VA US",2/28/2022,0,49,29,32
USC00449151,"WILLIAMSBURG 2 N, VA US",3/1/2022,0,64,30,49
USC00449151,"WILLIAMSBURG 2 N, VA US",3/2/2022,0,64,40,46
USC00449151,"WILLIAMSBURG 2 N, VA US",3/3/2022,0,66,43,44
USC00449151,"WILLIAMSBURG 2 N, VA US",3/4/2022,0,49,35,38
USC00449151,"WILLIAMSBURG 2 N, VA US",3/5/2022,0,63,34,57
USC00449151,"WILLIAMSBURG 2 N, VA US",3/6/2022,0,77,57,67
USC00449151,"WILLIAMSBURG 2 N, VA US",3/7/2022,0.15,81,62,62
USC00449151,"WILLIAMSBURG 2 N, VA US",3/8/2022,0.07,62,44,44
USC00449151,"WILLIAMSBURG 2 N, VA US",3/9/2022,1.32,48,42,43
USC00449151,"WILLIAMSBURG 2 N, VA US",3/10/2022,0,47,40,41
USC00449151,"WILLIAMSBURG 2 N, VA US",3/11/2022,0.09,61,32,51
USC00449151,"WILLIAMSBURG 2 N, VA US",3/12/2022,1.83,56,26,26
USC00449151,"WILLIAMSBURG 2 N, VA US",3/13/2022,0,45,21,40
USC00449151,"WILLIAMSBURG 2 N, VA US",3/14/2022,0,60,29,48
USC00449151,"WILLIAMSBURG 2 N, VA US",3/15/2022,0,70,36,55
USC00449151,"WILLIAMSBURG 2 N, VA US",3/16/2022,0,72,43,56
USC00449151,"WILLIAMSBURG 2 N, VA US",3/17/2022,0.22,64,55,56
USC00449151,"WILLIAMSBURG 2 N, VA US",3/18/2022,0.02,76,47,60
USC00449151,"WILLIAMSBURG 2 N, VA US",3/19/2022,0,80,59,69
USC00449151,"WILLIAMSBURG 2 N, VA US",3/20/2022,0,69,51,51
USC00449151,"WILLIAMSBURG 2 N, VA US",3/21/2022,0,69,39,54
USC00449151,"WILLIAMSBURG 2 N, VA US",3/22/2022,0,75,47,50
USC00449151,"WILLIAMSBURG 2 N, VA US",3/23/2022,0.27,66,45,66
USC00449151,"WILLIAMSBURG 2 N, VA US",3/24/2022,0.85,68,64,64
USC00449151,"WILLIAMSBURG 2 N, VA US",3/25/2022,0,66,49,51
USC00449151,"WILLIAMSBURG 2 N, VA US",3/26/2022,0,56,42,42
USC00449151,"WILLIAMSBURG 2 N, VA US",3/27/2022,0,52,34,37
USC00449151,"WILLIAMSBURG 2 N, VA US",3/28/2022,0,52,28,32
USC00449151,"WILLIAMSBURG 2 N, VA US",3/29/2022,0,48,27,35
USC00449151,"WILLIAMSBURG 2 N, VA US",3/30/2022,0,62,35,59
USC00449151,"WILLIAMSBURG 2 N, VA US",3/31/2022,0.5,74,59,68
USC00449151,"WILLIAMSBURG 2 N, VA US",4/1/2022,0,68,46,46
USC00449151,"WILLIAMSBURG 2 N, VA US",4/2/2022,0,60,36,47
USC00449151,"WILLIAMSBURG 2 N, VA US",4/3/2022,0,69,47,47
USC00449151,"WILLIAMSBURG 2 N, VA US",4/4/2022,0,63,37,49
USC00449151,"WILLIAMSBURG 2 N, VA US",4/5/2022,0.17,75,48,62
USC00449151,"WILLIAMSBURG 2 N, VA US",4/6/2022,0.09,69,53,53
USC00449151,"WILLIAMSBURG 2 N, VA US",4/7/2022,0.4,77,49,50
USC00449151,"WILLIAMSBURG 2 N, VA US",4/8/2022,0.13,62,45,47
USC00449151,"WILLIAMSBURG 2 N, VA US",4/9/2022,0,58,45,49
USC00449151,"WILLIAMSBURG 2 N, VA US",4/10/2022,0,60,39,42
USC00449151,"WILLIAMSBURG 2 N, VA US",4/11/2022,0,60,36,54
USC00449151,"WILLIAMSBURG 2 N, VA US",4/12/2022,0,82,54,63
USC00449151,"WILLIAMSBURG 2 N, VA US",4/13/2022,0,86,63,73
USC00449151,"WILLIAMSBURG 2 N, VA US",4/14/2022,1.05,82,55,55
USC00449151,"WILLIAMSBURG 2 N, VA US",4/15/2022,0.02,71,50,56
USC00449151,"WILLIAMSBURG 2 N, VA US",4/16/2022,0,76,51,67
USC00449151,"WILLIAMSBURG 2 N, VA US",4/17/2022,0,67,50,50
USC00449151,"WILLIAMSBURG 2 N, VA US",4/18/2022,1.22,52,43,43
USC00449151,"WILLIAMSBURG 2 N, VA US",4/19/2022,0.02,56,40,44
USC00449151,"WILLIAMSBURG 2 N, VA US",4/20/2022,0,63,35,49
USC00449151,"WILLIAMSBURG 2 N, VA US",4/21/2022,0,72,42,60
USC00449151,"WILLIAMSBURG 2 N, VA US",4/22/2022,0,77,54,54
USC00449151,"WILLIAMSBURG 2 N, VA US",4/23/2022,0,77,49,60
USC00449151,"WILLIAMSBURG 2 N, VA US",4/24/2022,0,89,60,62
USC00449151,"WILLIAMSBURG 2 N, VA US",4/25/2022,0,84,55,62
USC00449151,"WILLIAMSBURG 2 N, VA US",4/26/2022,0.61,88,57,57
USC00449151,"WILLIAMSBURG 2 N, VA US",4/27/2022,0.01,67,48,51
USC00449151,"WILLIAMSBURG 2 N, VA US",4/28/2022,0,61,41,42
USC00449151,"WILLIAMSBURG 2 N, VA US",4/29/2022,0,68,38,48
USC00449151,"WILLIAMSBURG 2 N, VA US",4/30/2022,0,67,43,50
USC00449151,"WILLIAMSBURG 2 N, VA US",5/1/2022,0.6,75,48,62
USC00449151,"WILLIAMSBURG 2 N, VA US",5/2/2022,0.01,84,61,62
USC00449151,"WILLIAMSBURG 2 N, VA US",5/3/2022,0.12,66,58,59
USC00449151,"WILLIAMSBURG 2 N, VA US",5/4/2022,0,81,58,67
USC00449151,"WILLIAMSBURG 2 N, VA US",5/5/2022,0,70,59,59
USC00449151,"WILLIAMSBURG 2 N, VA US",5/6/2022,0.53,71,55,64
USC00449151,"WILLIAMSBURG 2 N, VA US",5/7/2022,0.05,64,51,51
USC00449151,"WILLIAMSBURG 2 N, VA US",5/8/2022,0.11,51,47,49
USC00449151,"WILLIAMSBURG 2 N, VA US",5/9/2022,0,65,45,51
USC00449151,"WILLIAMSBURG 2 N, VA US",5/10/2022,0,66,51,57
USC00449151,"WILLIAMSBURG 2 N, VA US",5/11/2022,0,65,53,59
USC00449151,"WILLIAMSBURG 2 N, VA US",5/12/2022,0.06,63,58,59
USC00449151,"WILLIAMSBURG 2 N, VA US",5/13/2022,0.29,72,58,62
USC00449151,"WILLIAMSBURG 2 N, VA US",5/14/2022,0.12,74,61,62
USC00449151,"WILLIAMSBURG 2 N, VA US",5/15/2022,0,83,60,68
USC00449151,"WILLIAMSBURG 2 N, VA US",5/16/2022,0,85,65,77
USC00449151,"WILLIAMSBURG 2 N, VA US",5/17/2022,0,83,59,65
USC00449151,"WILLIAMSBURG 2 N, VA US",5/18/2022,0,79,56,66
USC00449151,"WILLIAMSBURG 2 N, VA US",5/19/2022,0,88,65,67
USC00449151,"WILLIAMSBURG 2 N, VA US",5/20/2022,0,94,65,79
USC00449151,"WILLIAMSBURG 2 N, VA US",5/21/2022,0.4,93,68,69
USC00449151,"WILLIAMSBURG 2 N, VA US",5/22/2022,0,88,68,77
USC00449151,"WILLIAMSBURG 2 N, VA US",5/23/2022,0.03,77,61,61
USC00449151,"WILLIAMSBURG 2 N, VA US",5/24/2022,1.12,64,58,58
USC00449151,"WILLIAMSBURG 2 N, VA US",5/25/2022,0.03,65,57,61
USC00449151,"WILLIAMSBURG 2 N, VA US",5/26/2022,0,72,60,65
USC00449151,"WILLIAMSBURG 2 N, VA US",5/27/2022,0.79,80,65,70
USC00449151,"WILLIAMSBURG 2 N, VA US",5/28/2022,0.05,80,64,64
USC00449151,"WILLIAMSBURG 2 N, VA US",5/29/2022,0,84,59,65
USC00449151,"WILLIAMSBURG 2 N, VA US",5/30/2022,0,90,64,75
USC00449151,"WILLIAMSBURG 2 N, VA US",5/31/2022,0,93,70,73
USC00449151,"WILLIAMSBURG 2 N, VA US",6/1/2022,0,95,69,76
USC00449151,"WILLIAMSBURG 2 N, VA US",6/2/2022,0.02,94,72,72
USC00449151,"WILLIAMSBURG 2 N, VA US",6/3/2022,0.04,80,63,64
USC00449151,"WILLIAMSBURG 2 N, VA US",6/4/2022,0,83,62,62
USC00449151,"WILLIAMSBURG 2 N, VA US",6/5/2022,0,82,57,60
USC00449151,"WILLIAMSBURG 2 N, VA US",6/6/2022,0,79,55,62
USC00449151,"WILLIAMSBURG 2 N, VA US",6/7/2022,0,85,60,76
USC00449151,"WILLIAMSBURG 2 N, VA US",6/8/2022,0,91,71,76
USC00449151,"WILLIAMSBURG 2 N, VA US",6/9/2022,0,87,71,71
USC00449151,"WILLIAMSBURG 2 N, VA US",6/10/2022,0,80,61,64
USC00449151,"WILLIAMSBURG 2 N, VA US",6/11/2022,0,83,60,69
USC00449151,"WILLIAMSBURG 2 N, VA US",6/12/2022,0.63,82,69,73
USC00449151,"WILLIAMSBURG 2 N, VA US",6/13/2022,0,94,70,78
USC00449151,"WILLIAMSBURG 2 N, VA US",6/14/2022,0.53,85,74,74
USC00449151,"WILLIAMSBURG 2 N, VA US",6/15/2022,0,86,68,72
USC00449151,"WILLIAMSBURG 2 N, VA US",6/16/2022,0.08,83,68,76
USC00449151,"WILLIAMSBURG 2 N, VA US",6/17/2022,0,97,72,77
USC00449151,"WILLIAMSBURG 2 N, VA US",6/18/2022,0,81,61,61
USC00449151,"WILLIAMSBURG 2 N, VA US",6/19/2022,0,79,59,59
USC00449151,"WILLIAMSBURG 2 N, VA US",6/20/2022,0,80,56,60
USC00449151,"WILLIAMSBURG 2 N, VA US",6/21/2022,0,83,58,70
USC00449151,"WILLIAMSBURG 2 N, VA US",6/22/2022,0.82,90,68,71
USC00449151,"WILLIAMSBURG 2 N, VA US",6/23/2022,0.31,73,66,66
USC00449151,"WILLIAMSBURG 2 N, VA US",6/24/2022,0,81,62,66
USC00449151,"WILLIAMSBURG 2 N, VA US",6/25/2022,0,86,62,71
USC00449151,"WILLIAMSBURG 2 N, VA US",6/26/2022,0,89,64,76
USC00449151,"WILLIAMSBURG 2 N, VA US",6/27/2022,1.9,88,69,69
USC00449151,"WILLIAMSBURG 2 N, VA US",6/28/2022,0,80,63,63
USC00449151,"WILLIAMSBURG 2 N, VA US",6/29/2022,0,84,61,72
USC00449151,"WILLIAMSBURG 2 N, VA US",6/30/2022,0,89,68,77
USC00449151,"WILLIAMSBURG 2 N, VA US",7/1/2022,0,92,72,78
USC00449151,"WILLIAMSBURG 2 N, VA US",7/2/2022,0,93,73,77
USC00449151,"WILLIAMSBURG 2 N, VA US",7/3/2022,0,88,71,71
USC00449151,"WILLIAMSBURG 2 N, VA US",7/4/2022,0,89,67,72
USC00449151,"WILLIAMSBURG 2 N, VA US",7/5/2022,0,90,69,82
USC00449151,"WILLIAMSBURG 2 N, VA US",7/6/2022,0,92,73,78
USC00449151,"WILLIAMSBURG 2 N, VA US",7/7/2022,0,88,74,77
USC00449151,"WILLIAMSBURG 2 N, VA US",7/8/2022,0,87,72,75
USC00449151,"WILLIAMSBURG 2 N, VA US",7/9/2022,0.55,84,69,69
USC00449151,"WILLIAMSBURG 2 N, VA US",7/10/2022,0.16,72,66,67
USC00449151,"WILLIAMSBURG 2 N, VA US",7/11/2022,0,82,67,69
USC00449151,"WILLIAMSBURG 2 N, VA US",7/12/2022,0,92,67,75
USC00449151,"WILLIAMSBURG 2 N, VA US",7/13/2022,0.03,89,74,75
USC00449151,"WILLIAMSBURG 2 N, VA US",7/14/2022,0,90,72,75
USC00449151,"WILLIAMSBURG 2 N, VA US",7/15/2022,1.16,88,69,69
USC00449151,"WILLIAMSBURG 2 N, VA US",7/16/2022,0.11,89,66,70
USC00449151,"WILLIAMSBURG 2 N, VA US",7/17/2022,0,91,69,78
USC00449151,"WILLIAMSBURG 2 N, VA US",7/18/2022,0,91,75,81
USC00449151,"WILLIAMSBURG 2 N, VA US",7/19/2022,0.41,91,74,75
USC00449151,"WILLIAMSBURG 2 N, VA US",7/20/2022,0,93,73,82
USC00449151,"WILLIAMSBURG 2 N, VA US",7/21/2022,0.67,92,72,72
USC00449151,"WILLIAMSBURG 2 N, VA US",7/22/2022,0,91,72,76
USC00449151,"WILLIAMSBURG 2 N, VA US",7/23/2022,0,95,73,80
USC00449151,"WILLIAMSBURG 2 N, VA US",7/24/2022,0,95,75,82
USC00449151,"WILLIAMSBURG 2 N, VA US",7/25/2022,0,93,76,78
USC00449151,"WILLIAMSBURG 2 N, VA US",7/26/2022,0.49,89,74,74
USC00449151,"WILLIAMSBURG 2 N, VA US",7/27/2022,0,90,74,76
USC00449151,"WILLIAMSBURG 2 N, VA US",7/28/2022,0,94,75,82
USC00449151,"WILLIAMSBURG 2 N, VA US",7/29/2022,2.09,92,75,76
USC00449151,"WILLIAMSBURG 2 N, VA US",7/30/2022,0,89,70,71
USC00449151,"WILLIAMSBURG 2 N, VA US",7/31/2022,0.03,85,69,76
USC00449151,"WILLIAMSBURG 2 N, VA US",8/1/2022,0.22,88,74,76
USC00449151,"WILLIAMSBURG 2 N, VA US",8/2/2022,0,92,73,73
USC00449151,"WILLIAMSBURG 2 N, VA US",8/3/2022,0,92,72,75
USC00449151,"WILLIAMSBURG 2 N, VA US",8/4/2022,0.12,95,73,74
USC00449151,"WILLIAMSBURG 2 N, VA US",8/5/2022,0.51,91,72,72
USC00449151,"WILLIAMSBURG 2 N, VA US",8/6/2022,0.24,90,71,77
USC00449151,"WILLIAMSBURG 2 N, VA US",8/7/2022,0,90,73,78
USC00449151,"WILLIAMSBURG 2 N, VA US",8/8/2022,0,92,74,82
USC00449151,"WILLIAMSBURG 2 N, VA US",8/9/2022,0,94,77,82
USC00449151,"WILLIAMSBURG 2 N, VA US",8/10/2022,1.24,94,71,72
USC00449151,"WILLIAMSBURG 2 N, VA US",8/11/2022,0.28,80,71,72
USC00449151,"WILLIAMSBURG 2 N, VA US",8/12/2022,0,83,67,67
USC00449151,"WILLIAMSBURG 2 N, VA US",8/13/2022,0,84,63,63
USC00449151,"WILLIAMSBURG 2 N, VA US",8/14/2022,0.02,82,63,67
USC00449151,"WILLIAMSBURG 2 N, VA US",8/15/2022,0.16,71,66,66
USC00449151,"WILLIAMSBURG 2 N, VA US",8/16/2022,0,81,65,70
USC00449151,"WILLIAMSBURG 2 N, VA US",8/17/2022,0,82,66,66
USC00449151,"WILLIAMSBURG 2 N, VA US",8/18/2022,0,86,62,70
USC00449151,"WILLIAMSBURG 2 N, VA US",8/19/2022,0,85,65,71
USC00449151,"WILLIAMSBURG 2 N, VA US",8/20/2022,0.04,86,70,71
USC00449151,"WILLIAMSBURG 2 N, VA US",8/21/2022,0.05,86,69,72
USC00449151,"WILLIAMSBURG 2 N, VA US",8/22/2022,0.02,86,71,77
USC00449151,"WILLIAMSBURG 2 N, VA US",8/23/2022,0,89,69,72
USC00449151,"WILLIAMSBURG 2 N, VA US",8/24/2022,0,91,69,72
USC00449151,"WILLIAMSBURG 2 N, VA US",8/25/2022,0,91,70,76
USC00449151,"WILLIAMSBURG 2 N, VA US",8/26/2022,0,90,67,73
USC00449151,"WILLIAMSBURG 2 N, VA US",8/27/2022,0,93,70,73
USC00449151,"WILLIAMSBURG 2 N, VA US",8/28/2022,0,91,69,72
USC00449151,"WILLIAMSBURG 2 N, VA US",8/29/2022,0,91,71,75
USC00449151,"WILLIAMSBURG 2 N, VA US",8/30/2022,0,93,72,76
USC00449151,"WILLIAMSBURG 2 N, VA US",8/31/2022,0,89,67,67
USC00449151,"WILLIAMSBURG 2 N, VA US",9/1/2022,0,90,65,68
USC00449151,"WILLIAMSBURG 2 N, VA US",9/2/2022,0,91,65,69
USC00449151,"WILLIAMSBURG 2 N, VA US",9/3/2022,0,89,67,70
USC00449151,"WILLIAMSBURG 2 N, VA US",9/4/2022,0,90,66,70
USC00449151,"WILLIAMSBURG 2 N, VA US",9/5/2022,0,87,66,77
USC00449151,"WILLIAMSBURG 2 N, VA US",9/6/2022,0.38,90,72,72
USC00449151,"WILLIAMSBURG 2 N, VA US",9/7/2022,0,84,71,72
USC00449151,"WILLIAMSBURG 2 N, VA US",9/8/2022,0,79,65,65
USC00449151,"WILLIAMSBURG 2 N, VA US",9/9/2022,0,83,63,67
USC00449151,"WILLIAMSBURG 2 N, VA US",9/10/2022,0,85,64,75
USC00449151,"WILLIAMSBURG 2 N, VA US",9/11/2022,1.34,85,72,73
USC00449151,"WILLIAMSBURG 2 N, VA US",9/12/2022,0,90,71,75
USC00449151,"WILLIAMSBURG 2 N, VA US",9/13/2022,0,86,63,63
USC00449151,"WILLIAMSBURG 2 N, VA US",9/14/2022,0,81,60,63
USC00449151,"WILLIAMSBURG 2 N, VA US",9/15/2022,0,83,60,63
USC00449151,"WILLIAMSBURG 2 N, VA US",9/16/2022,0,81,60,60
USC00449151,"WILLIAMSBURG 2 N, VA US",9/17/2022,0,81,57,63
USC00449151,"WILLIAMSBURG 2 N, VA US",9/18/2022,0,85,60,66
USC00449151,"WILLIAMSBURG 2 N, VA US",9/19/2022,0,89,63,70
USC00449151,"WILLIAMSBURG 2 N, VA US",9/20/2022,0,89,66,67
USC00449151,"WILLIAMSBURG 2 N, VA US",9/21/2022,0,88,63,74
USC00449151,"WILLIAMSBURG 2 N, VA US",9/22/2022,0,91,64,65
USC00449151,"WILLIAMSBURG 2 N, VA US",9/23/2022,0,71,52,52
USC00449151,"WILLIAMSBURG 2 N, VA US",9/24/2022,0,76,50,62
USC00449151,"WILLIAMSBURG 2 N, VA US",9/25/2022,0.46,88,56,64
USC00449151,"WILLIAMSBURG 2 N, VA US",9/26/2022,0,82,59,60
USC00449151,"WILLIAMSBURG 2 N, VA US",9/27/2022,0,77,54,60
USC00449151,"WILLIAMSBURG 2 N, VA US",9/28/2022,0,73,48,59
USC00449151,"WILLIAMSBURG 2 N, VA US",9/29/2022,0,68,56,62
USC00449151,"WILLIAMSBURG 2 N, VA US",9/30/2022,2.65,65,61,65
USC00449151,"WILLIAMSBURG 2 N, VA US",10/1/2022,0.35,75,56,56
USC00449151,"WILLIAMSBURG 2 N, VA US",10/2/2022,0.13,71,55,55
USC00449151,"WILLIAMSBURG 2 N, VA US",10/3/2022,0.53,55,49,49
USC00449151,"WILLIAMSBURG 2 N, VA US",10/4/2022,0.04,53,48,51
USC00449151,"WILLIAMSBURG 2 N, VA US",10/5/2022,0.02,61,51,57
USC00449151,"WILLIAMSBURG 2 N, VA US",10/6/2022,0,79,53,56
USC00449151,"WILLIAMSBURG 2 N, VA US",10/7/2022,0,80,53,59
USC00449151,"WILLIAMSBURG 2 N, VA US",10/8/2022,0,64,45,45
USC00449151,"WILLIAMSBURG 2 N, VA US",10/9/2022,0,67,40,46
USC00449151,"WILLIAMSBURG 2 N, VA US",10/10/2022,0,71,44,49
USC00449151,"WILLIAMSBURG 2 N, VA US",10/11/2022,0,73,44,51
USC00449151,"WILLIAMSBURG 2 N, VA US",10/12/2022,0,74,46,61
USC00449151,"WILLIAMSBURG 2 N, VA US",10/13/2022,0.19,72,60,62
USC00449151,"WILLIAMSBURG 2 N, VA US",10/14/2022,0,71,48,48
USC00449151,"WILLIAMSBURG 2 N, VA US",10/15/2022,0,77,45,60
USC00449151,"WILLIAMSBURG 2 N, VA US",10/16/2022,0.55,75,56,59
USC00449151,"WILLIAMSBURG 2 N, VA US",10/17/2022,1.38,72,57,58
USC00449151,"WILLIAMSBURG 2 N, VA US",10/18/2022,0,58,44,44
USC00449151,"WILLIAMSBURG 2 N, VA US",10/19/2022,0,57,36,41
USC00449151,"WILLIAMSBURG 2 N, VA US",10/20/2022,0,64,36,43
USC00449151,"WILLIAMSBURG 2 N, VA US",10/21/2022,0,69,41,45
USC00449151,"WILLIAMSBURG 2 N, VA US",10/22/2022,0,69,44,50
USC00449151,"WILLIAMSBURG 2 N, VA US",10/23/2022,0,59,49,58
USC00449151,"WILLIAMSBURG 2 N, VA US",10/24/2022,0,67,52,52
USC00449151,"WILLIAMSBURG 2 N, VA US",10/25/2022,0,62,52,59
USC00449151,"WILLIAMSBURG 2 N, VA US",10/26/2022,0,70,59,59
USC00449151,"WILLIAMSBURG 2 N, VA US",10/27/2022,0,66,51,52
USC00449151,"WILLIAMSBURG 2 N, VA US",10/28/2022,0,62,49,57
USC00449151,"WILLIAMSBURG 2 N, VA US",10/29/2022,0,61,49,49
USC00449151,"WILLIAMSBURG 2 N, VA US",10/30/2022,0,67,44,51
USC00449151,"WILLIAMSBURG 2 N, VA US",10/31/2022,0.05,72,50,60
USC00449151,"WILLIAMSBURG 2 N, VA US",11/1/2022,0.19,77,56,57
USC00449151,"WILLIAMSBURG 2 N, VA US",11/2/2022,0,69,53,57
USC00449151,"WILLIAMSBURG 2 N, VA US",11/3/2022,0,72,54,56
USC00449151,"WILLIAMSBURG 2 N, VA US",11/4/2022,0,76,54,59
USC00449151,"WILLIAMSBURG 2 N, VA US",11/5/2022,0,80,56,65
USC00449151,"WILLIAMSBURG 2 N, VA US",11/6/2022,0,81,60,66
USC00449151,"WILLIAMSBURG 2 N, VA US",11/7/2022,0,82,56,57
USC00449151,"WILLIAMSBURG 2 N, VA US",11/8/2022,0,65,47,47
USC00449151,"WILLIAMSBURG 2 N, VA US",11/9/2022,0,64,46,51
USC00449151,"WILLIAMSBURG 2 N, VA US",11/10/2022,0,71,50,62
USC00449151,"WILLIAMSBURG 2 N, VA US",11/11/2022,1.25,75,62,69
USC00449151,"WILLIAMSBURG 2 N, VA US",11/12/2022,0.03,78,64,64
USC00449151,"WILLIAMSBURG 2 N, VA US",11/13/2022,0,65,40,40
USC00449151,"WILLIAMSBURG 2 N, VA US",11/14/2022,0,51,34,34
USC00449151,"WILLIAMSBURG 2 N, VA US",11/15/2022,0.62,57,34,44
USC00449151,"WILLIAMSBURG 2 N, VA US",11/16/2022,0,53,40,40
USC00449151,"WILLIAMSBURG 2 N, VA US",11/17/2022,0,50,31,31
USC00449151,"WILLIAMSBURG 2 N, VA US",11/18/2022,0,50,27,36
USC00449151,"WILLIAMSBURG 2 N, VA US",11/19/2022,0,52,30,42
USC00449151,"WILLIAMSBURG 2 N, VA US",11/20/2022,0,47,28,28
USC00449151,"WILLIAMSBURG 2 N, VA US",11/21/2022,0,54,25,38
USC00449151,"WILLIAMSBURG 2 N, VA US",11/22/2022,0,59,29,35
USC00449151,"WILLIAMSBURG 2 N, VA US",11/23/2022,0,65,32,35
USC00449151,"WILLIAMSBURG 2 N, VA US",11/24/2022,0,63,34,40
USC00449151,"WILLIAMSBURG 2 N, VA US",11/25/2022,0.34,63,40,46
USC00449151,"WILLIAMSBURG 2 N, VA US",11/26/2022,0,60,35,42
USC00449151,"WILLIAMSBURG 2 N, VA US",11/27/2022,1.12,66,42,60
USC00449151,"WILLIAMSBURG 2 N, VA US",11/28/2022,0,64,40,40
USC00449151,"WILLIAMSBURG 2 N, VA US",11/29/2022,0,57,35,44
USC00449151,"WILLIAMSBURG 2 N, VA US",11/30/2022,0.5,60,43,45
USC00449151,"WILLIAMSBURG 2 N, VA US",12/1/2022,0,51,29,29
USC00449151,"WILLIAMSBURG 2 N, VA US",12/2/2022,0,55,27,49
USC00449151,"WILLIAMSBURG 2 N, VA US",12/3/2022,0.43,60,48,55
USC00449151,"WILLIAMSBURG 2 N, VA US",12/4/2022,0,55,30,30
USC00449151,"WILLIAMSBURG 2 N, VA US",12/5/2022,0,53,28,40
USC00449151,"WILLIAMSBURG 2 N, VA US",12/6/2022,0.12,61,40,60
USC00449151,"WILLIAMSBURG 2 N, VA US",12/7/2022,0.1,64,59,62
USC00449151,"WILLIAMSBURG 2 N, VA US",12/8/2022,0,62,50,50
USC00449151,"WILLIAMSBURG 2 N, VA US",12/9/2022,0,52,36,36
USC00449151,"WILLIAMSBURG 2 N, VA US",12/10/2022,0,52,33,44
USC00449151,"WILLIAMSBURG 2 N, VA US",12/11/2022,0,54,40,41
USC00449151,"WILLIAMSBURG 2 N, VA US",12/12/2022,0,44,38,40
USC00449151,"WILLIAMSBURG 2 N, VA US",12/13/2022,0,46,28,28
USC00449151,"WILLIAMSBURG 2 N, VA US",12/14/2022,0.04,46,26,39
USC00449151,"WILLIAMSBURG 2 N, VA US",12/15/2022,1.72,57,36,42
USC00449151,"WILLIAMSBURG 2 N, VA US",12/16/2022,0,55,33,33
USC00449151,"WILLIAMSBURG 2 N, VA US",12/17/2022,0,51,30,30
USC00449151,"WILLIAMSBURG 2 N, VA US",12/18/2022,0,47,29,30
USC00449151,"WILLIAMSBURG 2 N, VA US",12/19/2022,0,44,24,33
USC00449151,"WILLIAMSBURG 2 N, VA US",12/20/2022,0,43,26,27
USC00449151,"WILLIAMSBURG 2 N, VA US",12/21/2022,0,48,26,38
USC00449151,"WILLIAMSBURG 2 N, VA US",12/22/2022,1.27,58,38,50
USC00449151,"WILLIAMSBURG 2 N, VA US",12/23/2022,0.08,52,16,16
USC00449151,"WILLIAMSBURG 2 N, VA US",12/24/2022,0,24,10,24
USC00449151,"WILLIAMSBURG 2 N, VA US",12/25/2022,0,37,18,22
USC00449151,"WILLIAMSBURG 2 N, VA US",12/26/2022,0,38,15,25
USC00449151,"WILLIAMSBURG 2 N, VA US",12/27/2022,0,48,24,25
USC00449151,"WILLIAMSBURG 2 N, VA US",12/28/2022,0,53,23,29
USC00449151,"WILLIAMSBURG 2 N, VA US",12/29/2022,0,62,28,38
USC00449151,"WILLIAMSBURG 2 N, VA US",12/30/2022,0,70,34,45
USC00449151,"WILLIAMSBURG 2 N, VA US",12/31/2022,0.55,61,45,58
